Time,Temp,IR,Vis,Lux,Accel_X,Accel_Y,Accel_Z,Tilt,Mag_X,Mag_Y,Mag_Z,H.Angle,Direction,VBAT
2024/04/18 10:17:04,26.69,3137,4457,63,-8.53,1.15,5.45,83,-56.99,33.44,-13.27,187,S,3.89
2024/04/18 10:47:14,23.69,3116,4429,63,-9.96,0.76,-0.45,85,-62.71,52.46,-15.54,162,S,3.89
2024/04/18 11:17:24,21.41,3095,4401,62,-9.97,0.45,0.68,87,-60.52,71.20,-31.13,155,SE,3.89
2024/04/18 11:47:35,19.94,3090,4394,62,-9.76,-0.09,0.12,87,-33.34,93.35,5.98,191,S,3.89
2024/04/18 12:17:45,18.71,3081,4381,62,-9.96,0.37,0.34,87,-39.10,90.50,26.92,220,SW,3.88
2024/04/18 12:47:56,17.64,37888,37889,0,0.22,0.16,-9.93,88,17.01,4.91,56.56,18,N,3.89
2024/04/18 13:18:06,15.44,15737,33248,1504,4.51,0.02,9.24,89,-12.36,6.51,-28.85,236,SW,3.88
2024/04/18 13:48:16,11.41,25606,37889,689,-4.89,-0.11,8.70,87,9.02,14.63,-30.33,84,E,3.88
2024/04/18 14:18:27,9.83,29682,37889,304,-5.13,-0.10,8.74,88,17.28,17.91,-26.32,281,W,3.88
2024/04/18 14:48:37,10.55,12485,27909,1390,-5.53,-0.11,8.77,88,-14.26,23.96,-22.94,209,SW,3.88
2024/04/18 15:18:48,11.08,16581,37889,1955,-6.78,-0.28,7.80,84,19.58,40.31,-10.36,308,NW,3.88
2024/04/18 15:48:58,11.86,14837,32515,1568,-7.81,0.60,6.51,86,1.75,25.40,-16.63,316,NW,3.88
2024/04/18 16:19:09,11.88,12969,27943,1309,-7.78,0.02,6.49,88,-9.39,31.67,-18.75,211,SW,3.88
2024/04/18 16:49:19,11.60,2838,4461,95,-0.22,9.80,0.68,5,-40.35,-0.17,-3.01,150,SE,3.88
2024/04/18 17:19:29,11.64,3318,4869,80,-0.13,9.76,0.74,5,-40.46,-0.59,-2.84,171,S,3.88
2024/04/18 17:49:40,11.67,3279,4642,64,-0.30,9.84,0.68,6,-40.47,3.04,-4.89,181,S,3.88
2024/04/18 18:19:50,11.64,3264,4581,61,-0.12,9.77,0.60,5,-40.56,3.24,-4.77,195,S,3.88
2024/04/18 18:50:01,11.44,3227,4433,53,-0.30,9.87,0.59,5,-40.31,-1.00,-1.86,160,S,3.88
2024/04/18 19:20:11,11.33,3223,4393,50,-0.27,9.74,0.68,5,-40.19,1.93,-4.62,156,SE,3.88
2024/04/18 19:50:21,11.39,3230,4390,49,-0.14,9.79,0.64,6,-40.30,-2.84,-0.15,176,S,3.88
2024/04/18 20:20:32,11.43,3226,4384,49,0.00,9.88,0.63,5,-40.20,0.17,-3.29,167,S,3.87
2024/04/18 20:50:42,11.39,3226,4385,49,-0.14,9.79,0.60,4,-40.44,-2.49,-0.56,146,SE,3.88
2024/04/18 21:20:53,11.25,3210,4363,49,-0.15,9.82,0.65,5,-40.47,-2.42,-0.82,181,S,3.87
2024/04/18 21:51:03,11.10,3207,4358,49,-0.44,9.75,0.69,5,-40.53,-0.18,-2.74,160,S,3.88
2024/04/18 22:21:14,11.06,3206,4356,49,-0.24,9.72,0.66,5,-40.45,-2.49,-0.92,152,SE,3.87
2024/04/18 22:51:24,11.02,3204,4355,49,-0.18,9.82,0.55,5,-40.59,-6.48,4.38,189,S,3.87
2024/04/18 23:21:34,11.00,3201,4350,49,-0.18,9.81,0.56,3,-40.67,-5.10,3.36,140,SE,3.87
2024/04/18 23:51:45,10.98,3199,4348,49,-0.15,9.85,0.56,5,-40.55,-4.84,2.01,150,SE,3.87
2024/04/19 00:21:55,10.93,3196,4343,49,-0.11,9.81,0.43,4,-40.39,-2.97,-0.69,137,SE,3.87
2024/04/19 00:52:06,10.89,3194,4341,49,-0.19,9.80,0.62,5,-40.49,-7.71,9.78,181,S,3.87
2024/04/19 01:22:16,10.87,3195,4341,49,-0.09,9.77,0.53,3,-40.66,-7.44,8.63,158,S,3.87
2024/04/19 01:52:26,10.86,3191,4337,49,-0.21,9.66,0.72,5,-40.61,-7.76,8.28,181,S,3.87
2024/04/19 02:22:37,10.83,3191,4336,49,-0.01,9.81,0.50,3,-40.59,-7.79,9.61,163,S,3.87
2024/04/19 02:52:47,10.81,3187,4330,49,-0.19,9.81,0.53,3,-40.84,-7.17,7.62,170,S,3.87
2024/04/19 03:22:58,10.77,3187,4330,48,-0.15,9.92,0.54,3,-40.76,-7.37,9.89,166,S,3.87
2024/04/19 03:53:08,10.73,3229,4395,50,-0.18,9.85,0.53,3,-40.40,-7.60,11.94,173,S,3.87
2024/04/19 04:23:18,10.71,3184,4326,48,-0.17,9.86,0.58,4,-40.68,-6.20,4.59,169,S,3.87
2024/04/19 04:53:29,10.73,3186,4330,49,-0.08,9.81,0.65,4,-40.52,-7.09,6.73,159,S,3.87
2024/04/19 05:23:39,10.75,3188,4348,50,-0.08,9.93,0.57,3,-40.43,-6.17,4.26,153,SE,3.87
2024/04/19 05:53:50,10.75,3195,4404,53,-0.15,9.77,0.60,4,-40.45,-3.86,0.55,150,SE,3.87
2024/04/19 06:24:00,10.83,3220,4504,59,-0.19,9.74,0.43,3,-40.56,27.13,18.23,225,SW,3.87
2024/04/19 06:54:10,10.91,3240,4599,65,-0.14,9.77,0.39,6,-40.10,27.96,14.80,176,S,3.87
2024/04/19 07:24:21,10.93,3272,4820,80,-0.13,9.84,0.41,2,-40.44,27.98,12.22,232,SW,3.87
2024/04/19 07:54:31,11.00,3302,4972,91,-0.17,9.84,0.41,4,-40.03,27.24,5.25,227,SW,3.87
2024/04/19 08:24:42,11.06,3297,4944,89,-0.25,9.82,0.41,5,-40.71,5.96,-5.34,162,S,3.87
2024/04/19 08:54:52,11.06,3298,4945,88,-0.15,9.77,0.63,4,-40.89,-6.14,4.20,164,S,3.87
2024/04/19 09:25:02,11.06,3507,6227,193,-0.20,9.80,0.62,4,-40.66,-4.86,2.09,130,SE,3.86
2024/04/19 09:55:13,11.10,3461,5932,167,-0.25,9.82,0.61,4,-40.74,-5.21,2.87,169,S,3.86
2024/04/19 10:25:23,11.12,3479,6046,177,-0.17,9.73,0.66,5,-40.98,-5.54,3.45,152,SE,3.87
2024/04/19 10:55:34,11.16,3693,7295,289,-0.30,9.74,0.69,5,-40.64,-3.10,-0.06,175,S,3.86
2024/04/19 11:25:44,11.23,3783,7878,346,-0.24,9.81,0.49,4,-40.55,-1.89,-0.47,144,SE,3.86
2024/04/19 11:55:55,11.27,3433,5828,160,-0.28,9.85,0.65,4,-41.06,-6.16,5.82,169,S,3.86
2024/04/19 12:26:05,11.25,3434,5854,163,-0.38,9.93,0.56,5,-41.14,-6.15,5.86,181,S,3.86
2024/04/19 12:56:15,11.25,3391,5583,139,-0.19,9.77,0.58,4,-41.06,-6.64,6.44,154,SE,3.86
2024/04/19 13:26:26,11.27,3393,5605,141,-0.23,9.77,0.67,4,-41.32,-3.85,20.78,180,S,3.86
2024/04/19 13:56:36,11.29,3823,8171,377,-0.22,9.80,0.59,3,-41.49,-3.47,21.92,185,S,3.86
2024/04/19 14:26:47,11.27,3596,6927,260,-0.17,9.79,0.60,3,-41.38,-3.69,21.48,174,S,3.86
2024/04/19 14:56:57,11.12,3765,7941,358,-0.26,9.79,0.59,4,-41.21,-1.83,23.86,193,S,3.86
2024/04/19 15:27:07,10.94,3459,6161,193,-0.26,9.81,0.54,3,-41.26,-5.62,19.15,181,S,3.86
2024/04/19 15:57:18,10.92,3468,6304,207,-0.13,9.78,0.48,2,-40.81,-7.63,12.86,171,S,3.86
2024/04/19 16:27:28,10.89,3475,6250,200,-0.10,9.82,0.53,2,-41.33,-1.41,24.78,184,S,3.86
2024/04/19 16:57:39,11.10,3570,6588,225,-0.19,9.79,0.52,3,-41.15,16.03,28.47,217,SW,3.86
2024/04/19 17:27:49,11.12,3299,5088,102,-0.11,9.84,0.50,2,-41.05,17.40,28.07,224,SW,3.86
2024/04/19 17:57:59,10.98,3212,4570,65,-0.10,9.82,0.47,2,-41.15,7.99,29.43,206,SW,3.86
2024/04/19 18:28:10,10.93,3223,4595,66,-0.18,9.80,0.61,3,-40.92,24.11,22.92,244,SW,3.86
2024/04/19 18:58:20,11.24,3225,4504,58,-0.28,9.80,0.58,3,-40.41,26.72,19.39,256,W,3.86
2024/04/19 19:28:31,11.39,3194,4355,50,-0.19,9.79,0.58,3,-40.89,25.74,20.05,249,W,3.86
2024/04/19 19:58:41,11.37,3194,4341,49,-0.20,9.78,0.50,3,-40.87,26.72,18.92,254,W,3.86
2024/04/19 20:28:51,11.33,3194,4341,49,-0.15,9.82,0.50,3,-40.94,26.32,19.61,245,SW,3.86
2024/04/19 20:59:02,11.27,3190,4336,49,-0.13,9.81,0.41,2,-40.71,26.57,18.99,250,W,3.86
2024/04/19 21:29:12,11.25,3189,4335,49,-0.09,9.82,0.43,2,-40.95,25.90,20.42,242,SW,3.86
2024/04/19 21:59:23,11.25,3194,4341,49,-0.08,9.81,0.46,2,-40.80,27.77,14.46,252,W,3.86
2024/04/19 22:29:33,11.25,3193,4341,49,-0.11,9.82,0.46,2,-41.09,15.95,28.53,221,SW,3.86
2024/04/19 22:59:44,11.17,3193,4340,49,-0.13,9.82,0.43,2,-40.92,-8.12,14.14,167,S,3.86
2024/04/19 23:29:54,11.12,3192,4338,49,-0.12,9.81,0.49,2,-41.43,-7.08,16.51,168,S,3.86
2024/04/20 00:00:04,11.04,3191,4337,49,-0.12,9.80,0.47,2,-41.02,-1.50,24.82,186,S,3.86
2024/04/20 00:30:15,11.00,3189,4334,49,-0.14,9.81,0.47,2,-41.08,-4.39,21.75,178,S,3.86
2024/04/20 01:00:25,11.08,3189,4334,49,-0.09,9.80,0.48,2,-41.15,-0.54,25.33,185,S,3.86
2024/04/20 01:30:36,11.16,3184,4327,48,-0.12,9.80,0.47,2,-41.24,-1.67,24.90,190,S,3.86
2024/04/20 02:00:46,11.14,3180,4322,48,-0.09,9.82,0.47,2,-41.18,-1.81,24.34,185,S,3.86
2024/04/20 02:30:56,11.04,3108,4220,47,-0.11,9.80,0.48,2,-41.30,2.46,27.56,196,S,3.86
2024/04/20 03:01:07,11.00,3175,4315,48,-0.08,9.83,0.43,2,-40.88,-5.24,21.01,173,S,3.86
2024/04/20 03:31:17,10.96,3173,4312,48,-0.08,9.76,0.42,2,-40.84,11.52,29.45,233,SW,3.86
2024/04/20 04:01:28,10.93,3176,4316,48,-0.02,9.80,0.41,2,-40.80,9.12,29.50,198,S,3.86
2024/04/20 04:31:38,10.89,3170,4308,48,-0.09,9.81,0.45,2,-40.81,12.95,29.19,214,SW,3.86
2024/04/20 05:01:48,10.90,3171,4314,49,-0.12,9.83,0.44,2,-40.95,23.03,23.64,236,SW,3.86
2024/04/20 05:31:59,10.89,3183,4391,53,-0.09,9.83,0.44,2,-40.77,23.31,23.11,234,SW,3.86
2024/04/20 06:02:09,10.83,3211,4596,67,-0.08,9.81,0.44,2,-40.65,23.16,23.48,232,SW,3.86
2024/04/20 06:32:20,10.79,3251,4834,84,-0.29,9.81,0.50,3,-40.38,25.47,21.76,256,W,3.86
2024/04/20 07:02:30,10.79,3301,5170,109,-0.29,9.81,0.56,3,-40.13,26.10,20.59,252,W,3.86
2024/04/20 07:32:41,10.81,3357,5534,139,-0.30,9.80,0.53,3,-40.19,26.63,19.89,258,W,3.86
2024/04/20 08:02:51,10.85,3420,5889,168,-0.30,9.81,0.58,3,-40.58,27.63,17.60,257,W,3.86
2024/04/20 08:33:01,10.91,3478,6288,204,-0.37,9.78,0.59,4,-40.24,27.51,17.43,245,SW,3.86
2024/04/20 09:03:12,10.98,3518,6571,230,-0.17,9.83,0.57,3,-40.48,27.17,17.27,232,SW,3.86
2024/04/20 09:33:22,11.08,3589,6998,270,-0.27,9.82,0.54,3,-40.33,27.85,15.68,237,SW,3.86
2024/04/20 10:03:33,11.16,3601,7044,274,-0.30,9.75,0.54,4,-40.28,26.22,3.70,266,W,3.86
2024/04/20 10:33:43,11.27,3719,7710,336,-0.24,9.84,0.51,3,-40.53,28.28,11.23,251,W,3.86
2024/04/20 11:03:53,11.35,3705,7658,332,-0.23,9.80,0.53,3,-40.18,26.48,3.31,272,W,3.86
2024/04/20 11:34:04,11.37,3730,7835,350,-0.23,9.81,0.47,3,-40.43,27.14,5.35,266,W,3.86
2024/04/20 12:04:14,11.33,3687,7509,316,-0.14,9.81,0.51,3,-40.41,16.79,-5.10,267,W,3.86
2024/04/20 12:34:25,11.35,3660,7423,310,-0.21,9.80,0.52,4,-40.56,14.66,-5.86,268,W,3.86
2024/04/20 13:04:35,11.41,3622,7181,287,-0.08,9.89,0.54,4,-40.61,3.33,-5.22,211,SW,3.86
2024/04/20 13:34:45,11.50,3617,7127,281,-0.05,9.77,0.53,3,-40.66,-1.75,-2.17,158,S,3.86
2024/04/20 14:04:56,11.54,3603,7056,275,0.01,9.86,0.48,3,-40.73,-1.96,-2.20,150,SE,3.86
2024/04/20 14:35:06,11.48,3576,6884,258,-0.05,9.80,0.49,2,-40.85,-2.72,-1.17,150,SE,3.85
2024/04/20 15:05:17,11.26,3509,6554,230,-0.02,9.79,0.49,2,-40.59,-3.72,-0.32,127,SE,3.85
2024/04/20 15:35:27,11.10,3486,6479,225,-0.05,9.79,0.49,2,-40.75,0.89,-3.64,186,S,3.86
2024/04/20 16:05:37,11.22,3480,6427,220,-0.18,9.79,0.48,2,-40.81,9.16,-6.28,298,NW,3.85
2024/04/20 16:35:48,11.35,3392,5806,163,-0.14,9.86,0.47,3,-40.82,-4.06,0.60,137,SE,3.86
2024/04/20 17:05:58,11.57,3353,5478,134,-0.07,9.78,0.45,2,-41.36,-7.77,8.25,153,SE,3.85
2024/04/20 17:36:09,11.71,3333,5214,110,-0.05,9.82,0.45,2,-41.68,-8.13,11.44,160,S,3.86
2024/04/20 18:06:19,11.38,3244,4844,85,-0.05,9.83,0.48,2,-40.98,-7.70,13.32,161,S,3.85
2024/04/20 18:36:29,11.25,3209,4576,66,-0.10,9.84,0.44,2,-41.16,-8.44,12.80,163,S,3.85
2024/04/20 19:06:40,11.27,3181,4389,53,-0.11,9.80,0.48,2,-41.09,-8.02,9.21,156,SE,3.85
2024/04/20 19:36:50,11.25,3162,4305,49,-0.11,9.80,0.47,2,-41.17,23.59,23.12,239,SW,3.85
2024/04/20 20:07:01,11.31,3172,4310,48,-0.14,9.81,0.47,2,-40.89,27.76,15.31,245,SW,3.85
2024/04/20 20:37:11,11.32,3172,4310,48,-0.18,9.79,0.48,3,-40.82,23.43,23.65,244,SW,3.85
2024/04/20 21:07:22,11.27,3171,4309,48,-0.08,9.81,0.47,2,-40.71,25.80,19.64,234,SW,3.85
2024/04/20 21:37:32,11.27,3172,4310,48,-0.10,9.80,0.49,2,-40.98,23.42,22.83,233,SW,3.85
2024/04/20 22:07:42,11.25,3188,4333,49,-0.09,9.82,0.48,2,-41.22,17.38,27.95,222,SW,3.85
2024/04/20 22:37:53,11.21,3170,4308,48,-0.11,9.82,0.46,2,-41.20,4.78,28.63,203,SW,3.85
2024/04/20 23:08:03,11.18,3172,4311,48,-0.09,9.82,0.44,2,-41.25,-5.81,20.35,175,S,3.85
2024/04/20 23:38:14,11.18,3162,4299,48,-0.11,9.83,0.44,2,-41.29,-1.27,25.63,189,S,3.85
2024/04/21 00:08:24,11.14,3174,4314,48,-0.06,9.82,0.40,1,-40.98,-4.31,22.67,178,S,3.85
2024/04/21 00:38:34,11.08,3166,4304,48,-0.08,9.84,0.42,2,-41.04,-7.66,16.16,165,S,3.85
2024/04/21 01:08:45,11.06,3167,4305,48,-0.05,9.83,0.42,1,-41.15,-7.05,18.05,166,S,3.85
2024/04/21 01:38:55,11.10,3179,4321,48,-0.07,9.82,0.44,2,-41.17,-6.49,19.70,171,S,3.85
2024/04/21 02:09:06,11.12,3171,4309,48,-0.09,9.82,0.43,2,-41.31,-2.97,24.06,184,S,3.85
2024/04/21 02:39:16,11.20,3167,4305,48,-0.09,9.81,0.45,2,-41.39,6.71,29.22,202,S,3.85
2024/04/21 03:09:26,11.19,3164,4300,48,-0.07,9.82,0.42,2,-41.12,0.58,26.86,190,S,3.85
2024/04/21 03:39:37,11.10,3165,4302,48,-0.08,9.81,0.44,2,-41.43,0.13,26.67,189,S,3.85
2024/04/21 04:09:47,11.02,3161,4296,48,-0.08,9.83,0.42,2,-41.15,-1.61,25.59,186,S,3.85
2024/04/21 04:39:58,10.96,3156,4290,48,-0.06,9.82,0.43,2,-41.05,8.73,29.49,204,SW,3.85
2024/04/21 05:10:08,10.93,3160,4311,49,-0.07,9.83,0.45,2,-41.31,3.90,28.54,193,S,3.85
2024/04/21 05:40:18,10.92,3178,4425,57,-0.06,9.82,0.48,2,-41.01,18.77,27.23,221,SW,3.85
2024/04/21 06:10:29,10.92,3217,4723,77,-0.07,9.83,0.43,1,-40.88,5.77,29.12,199,S,3.85
2024/04/21 06:40:39,10.88,3230,4967,98,-0.07,9.80,0.45,2,-41.03,18.42,27.49,226,SW,3.85
2024/04/21 07:10:50,10.90,3357,5756,162,-0.09,9.82,0.49,2,-41.20,2.21,27.83,195,S,3.85
2024/04/21 07:41:00,10.87,3406,6121,195,-0.08,9.82,0.40,2,-40.91,7.29,29.53,206,SW,3.85
2024/04/21 08:11:11,10.95,3428,6136,194,-0.25,9.80,0.51,3,-40.64,25.52,20.84,251,W,3.85
2024/04/21 08:41:21,11.04,3497,6576,234,-0.20,9.79,0.52,2,-40.60,26.20,19.22,249,W,3.84
2024/04/21 09:11:31,11.08,3563,6997,274,-0.17,9.83,0.50,2,-40.63,26.53,18.01,249,W,3.84
2024/04/21 09:41:42,11.12,3618,7290,301,-0.13,9.83,0.46,2,-40.66,27.18,15.38,253,W,3.85
2024/04/21 10:11:52,11.19,3698,7833,355,-0.10,9.82,0.43,2,-40.79,25.52,20.52,242,SW,3.85
2024/04/21 10:42:03,11.35,3702,7810,352,-0.14,9.82,0.46,2,-40.47,27.46,8.13,265,W,3.84
2024/04/21 11:12:13,11.50,3776,8250,395,-0.12,9.83,0.50,3,-40.56,18.73,-4.04,291,W,3.84
2024/04/21 11:42:23,11.48,3470,6242,200,-0.13,9.86,0.41,2,-40.73,11.91,-6.04,240,SW,3.84
2024/04/21 12:12:34,11.43,3494,6384,213,-0.14,9.80,0.49,3,-40.85,3.17,-4.59,155,SE,3.84
2024/04/21 12:42:44,11.48,3375,5612,145,-0.12,9.81,0.40,2,-41.04,-8.27,9.39,158,S,3.84
2024/04/21 13:12:55,11.54,3740,7796,343,-0.16,9.80,0.49,2,-41.52,-4.68,20.85,182,S,3.84
2024/04/21 13:43:05,11.58,3511,6448,217,-0.15,9.80,0.46,2,-41.55,-4.79,21.48,181,S,3.84
2024/04/21 14:13:15,11.60,3629,7207,289,-0.19,9.82,0.53,3,-41.67,-5.28,20.91,182,S,3.84
2024/04/21 14:43:26,11.58,3923,8834,445,-0.22,9.81,0.54,3,-41.69,-3.92,21.93,188,S,3.84
2024/04/21 15:13:36,11.60,3830,8281,390,-0.18,9.83,0.54,2,-41.80,-0.03,25.76,198,S,3.84
2024/04/21 15:43:47,11.44,3721,7706,335,-0.16,9.80,0.51,3,-41.42,-1.03,25.25,187,S,3.84
2024/04/21 16:13:57,11.33,3428,6040,183,-0.18,9.80,0.52,2,-41.37,-5.24,21.04,179,S,3.84
2024/04/21 16:44:07,11.31,3479,6312,206,-0.10,9.79,0.53,2,-41.54,0.11,26.12,185,S,3.84
2024/04/21 17:14:18,11.21,3350,5544,141,-0.08,9.82,0.48,2,-41.14,-0.27,26.39,191,S,3.84
2024/04/21 17:44:28,11.14,3232,4958,97,-0.09,9.82,0.47,2,-41.33,-1.99,25.09,182,S,3.84
2024/04/21 18:14:39,11.20,3211,4785,84,-0.04,9.80,0.49,2,-41.46,7.94,29.25,200,S,3.84
2024/04/21 18:44:49,11.19,3083,4349,59,-0.10,9.81,0.49,2,-41.24,10.83,29.72,211,SW,3.84
2024/04/21 19:14:59,11.04,3043,4198,51,-0.08,9.83,0.47,2,-41.17,-1.38,25.28,185,S,3.84
2024/04/21 19:45:10,10.96,3016,4117,47,-0.07,9.86,0.52,2,-41.14,-2.26,24.81,180,S,3.84
2024/04/21 20:15:20,10.89,3049,4157,47,-0.09,9.82,0.46,2,-41.02,-8.46,14.23,155,SE,3.84
2024/04/21 20:45:31,11.07,3151,4284,48,-0.13,9.81,0.46,2,-40.81,25.33,20.44,247,SW,3.84
2024/04/21 21:15:41,11.14,3155,4290,48,-0.07,9.82,0.44,2,-41.01,24.93,21.22,238,SW,3.84
2024/04/21 21:45:52,11.12,3151,4284,48,-0.08,9.82,0.44,2,-41.12,23.13,24.04,232,SW,3.84
2024/04/21 22:16:02,11.16,3155,4288,48,-0.10,9.82,0.48,2,-41.31,11.33,29.45,210,SW,3.84
2024/04/21 22:46:12,11.18,3153,4286,48,-0.11,9.82,0.49,2,-41.34,0.39,26.52,191,S,3.84
2024/04/21 23:16:23,11.14,3154,4287,48,-0.10,9.81,0.42,2,-41.25,-7.93,15.31,162,S,3.84
2024/04/21 23:46:33,11.12,3163,4299,48,-0.10,9.81,0.41,2,-41.24,-7.87,15.14,164,S,3.84
2024/04/22 00:16:44,11.19,3153,4287,48,-0.10,9.82,0.41,2,-41.47,-4.56,1.15,133,SE,3.84
2024/04/22 00:46:54,11.23,3149,4281,48,-0.12,9.82,0.44,2,-40.99,-4.05,0.54,132,SE,3.84
2024/04/22 01:17:04,11.21,3152,4284,48,-0.08,9.83,0.42,2,-40.79,9.50,-6.03,305,NW,3.84
2024/04/22 01:47:15,11.17,3151,4283,48,-0.08,9.82,0.42,1,-40.99,0.35,-3.77,153,SE,3.84
2024/04/22 02:17:25,11.18,3153,4285,48,-0.06,9.82,0.42,2,-41.05,-4.44,0.30,122,SE,3.84
2024/04/22 02:47:36,11.18,3153,4285,48,-0.05,9.81,0.40,2,-41.02,-8.69,9.38,147,SE,3.84
2024/04/22 03:17:46,11.18,3148,4280,48,-0.08,9.83,0.40,2,-41.12,-7.96,16.16,165,S,3.84
2024/04/22 03:47:56,11.14,3146,4278,48,-0.11,9.82,0.44,2,-41.43,3.30,28.18,200,S,3.84
2024/04/22 04:18:07,11.16,3149,4281,48,-0.06,9.78,0.44,2,-41.46,3.21,28.45,213,SW,3.84
2024/04/22 04:48:17,11.14,3154,4290,48,-0.08,9.81,0.42,2,-41.33,4.75,28.82,200,S,3.84
2024/04/22 05:18:28,11.12,3150,4311,50,-0.06,9.83,0.42,1,-41.28,4.54,28.92,197,S,3.84
2024/04/22 05:48:38,11.11,3451,4833,64,-0.07,9.79,0.41,1,-41.15,2.13,28.00,194,S,3.84
2024/04/22 06:18:48,11.04,3213,4667,73,-0.07,9.83,0.43,2,-41.25,17.21,28.13,219,SW,3.83
2024/04/22 06:48:59,11.00,3217,4817,86,-0.06,9.83,0.43,2,-41.14,17.30,28.14,218,SW,3.83
2024/04/22 07:19:09,10.96,3340,5604,148,-0.08,9.79,0.43,2,-41.11,6.21,29.57,203,SW,3.83
2024/04/22 07:49:20,11.00,3462,6221,199,-0.07,9.78,0.42,2,-40.98,-8.36,14.35,161,S,3.83
2024/04/22 08:19:30,11.06,3441,6208,200,-0.16,9.82,0.50,2,-40.88,25.62,20.33,245,SW,3.83
2024/04/22 08:49:40,11.06,3614,7263,298,-0.12,9.81,0.48,2,-40.76,25.33,21.08,240,SW,3.83
2024/04/22 09:19:51,11.12,3534,6807,256,-0.12,9.82,0.46,2,-40.92,23.46,23.22,237,SW,3.83
2024/04/22 09:50:01,11.19,3556,6871,260,0.03,9.83,0.45,3,-41.12,10.01,29.78,199,S,3.83
2024/04/22 10:20:12,11.25,3652,7466,317,0.06,9.80,0.48,2,-41.25,11.51,29.50,188,S,3.83
2024/04/22 10:50:22,11.29,4017,9483,513,-0.08,9.81,0.50,2,-41.57,-4.64,21.47,175,S,3.83
2024/04/22 11:20:33,11.47,3701,7662,333,-0.20,9.82,0.52,3,-41.44,-8.11,11.65,161,S,3.83
2024/04/22 11:50:43,11.58,3868,8761,445,-0.31,9.81,0.62,3,-41.54,-6.60,6.14,163,S,3.83
2024/04/22 12:20:53,11.56,3679,7659,336,-0.20,9.80,0.49,2,-41.69,-7.77,10.68,160,S,3.83
2024/04/22 12:51:04,11.60,3769,8222,393,-0.25,9.80,0.58,3,-41.90,-6.73,16.57,180,S,3.83
2024/04/22 13:21:14,11.58,3494,6525,229,-0.27,9.81,0.52,3,-41.40,-7.11,7.20,165,S,3.83
2024/04/22 13:51:25,11.52,3397,5922,175,-0.24,9.80,0.56,3,-41.54,-7.60,12.03,163,S,3.83
2024/04/22 14:21:35,11.50,3353,5590,145,-0.25,9.79,0.57,3,-41.83,-6.43,17.46,177,S,3.83
2024/04/22 14:51:45,11.46,3543,6808,255,-0.15,9.81,0.52,2,-41.45,-6.64,18.28,172,S,3.83
2024/04/22 15:21:56,11.38,3326,5414,130,-0.16,9.81,0.57,3,-41.62,-7.29,17.22,170,S,3.83
2024/04/22 15:52:06,11.33,3237,4847,86,-0.25,9.81,0.58,3,-41.71,-4.02,21.65,186,S,3.83
2024/04/22 16:22:17,11.27,3233,4859,88,-0.17,9.81,0.51,2,-41.53,-5.15,21.18,182,S,3.83
2024/04/22 16:52:27,11.21,3207,4707,77,-0.09,9.81,0.46,2,-41.25,-3.18,24.10,180,S,3.83
2024/04/22 17:22:37,11.18,3209,4721,78,-0.15,9.83,0.54,3,-41.52,-6.31,19.93,169,S,3.83
2024/04/22 17:52:48,11.17,3210,4712,77,-0.23,9.75,0.58,3,-41.55,-6.00,19.37,173,S,3.83
2024/04/22 18:22:58,11.13,3196,4669,75,-0.22,9.83,0.57,3,-41.51,-0.81,25.70,183,S,3.83
2024/04/22 18:53:09,11.04,3174,4498,63,-0.15,9.83,0.55,3,-41.33,-0.98,25.44,181,S,3.83
2024/04/22 19:23:19,11.02,3142,4296,50,-0.18,9.82,0.57,3,-41.69,-3.83,23.17,177,S,3.83
2024/04/22 19:53:30,11.00,3146,4277,48,-0.09,9.78,0.51,3,-41.51,-2.86,24.43,177,S,3.83
2024/04/22 20:23:40,10.93,3134,4260,48,-0.10,9.82,0.48,2,-41.16,-0.86,26.04,197,S,3.83
2024/04/22 20:53:50,10.89,3141,4273,48,-0.21,9.82,0.52,2,-41.17,-2.73,24.69,195,S,3.83
2024/04/22 21:24:01,10.87,3129,4254,48,-0.11,9.81,0.46,2,-41.11,-5.66,21.99,179,S,3.83
2024/04/22 21:54:11,10.87,3133,4261,48,-0.14,9.81,0.48,2,-41.36,-4.34,22.56,184,S,3.83
2024/04/22 22:24:22,10.95,3132,4257,48,-0.20,9.84,0.50,2,-41.53,-8.12,11.71,163,S,3.83
2024/04/22 22:54:32,11.00,3131,4256,48,-0.22,9.81,0.53,3,-41.39,-7.67,10.38,166,S,3.83
2024/04/22 23:24:42,11.00,3130,4254,48,-0.13,9.82,0.49,2,-41.17,-7.13,18.09,174,S,3.83
2024/04/22 23:54:53,11.02,3131,4256,48,-0.15,9.82,0.48,2,-41.22,-8.07,15.81,170,S,3.83
2024/04/23 00:25:03,11.08,3134,4259,48,-0.18,9.83,0.44,2,-41.25,-8.16,15.29,173,S,3.83
2024/04/23 00:55:14,11.12,3135,4261,48,-0.15,9.82,0.45,2,-41.29,-8.08,9.13,160,S,3.83
2024/04/23 01:25:24,11.16,3140,4267,48,-0.21,9.82,0.44,2,-41.35,-7.02,6.35,158,S,3.83
2024/04/23 01:55:34,11.21,3140,4268,48,-0.12,9.82,0.45,2,-41.01,-3.95,0.32,132,SE,3.83
2024/04/23 02:25:45,11.23,3140,4269,48,-0.16,9.79,0.44,2,-41.35,-8.12,10.08,162,S,3.83
2024/04/23 02:55:55,11.21,3135,4264,48,-0.14,9.82,0.45,2,-41.27,-8.27,13.44,166,S,3.83
2024/04/23 03:26:06,11.18,3135,4263,48,-0.14,9.81,0.48,2,-41.35,-8.34,13.87,167,S,3.83
2024/04/23 03:56:16,11.14,3134,4262,48,-0.14,9.79,0.47,2,-41.24,-5.25,21.60,178,S,3.83
2024/04/23 04:26:26,11.11,3133,4259,48,-0.09,9.81,0.47,2,-41.23,-6.24,19.77,167,S,3.83
2024/04/23 04:56:37,11.12,3137,4272,48,-0.10,9.82,0.46,2,-41.25,-0.96,26.04,189,S,3.83
2024/04/23 05:26:47,11.12,3153,4376,55,-0.10,9.81,0.45,2,-41.32,-3.62,23.98,179,S,3.83
2024/04/23 05:56:58,11.11,3178,4541,66,-0.10,9.81,0.49,2,-41.57,-0.12,26.50,189,S,3.83
2024/04/23 06:27:08,11.11,3192,4653,74,-0.09,9.81,0.49,2,-41.38,-5.01,22.22,176,S,3.83
2024/04/23 06:57:19,11.06,3333,5557,144,-0.10,9.81,0.46,2,-41.25,1.53,27.78,195,S,3.82
2024/04/23 07:27:29,11.02,3205,4767,83,-0.10,9.81,0.45,2,-41.48,1.13,27.62,191,S,3.82
2024/04/23 07:57:39,11.02,3193,4691,77,-0.15,9.83,0.55,2,-41.60,-4.48,22.55,182,S,3.82
2024/04/23 08:27:50,11.00,3211,5320,135,-0.17,9.79,0.53,2,-41.40,-5.22,21.41,186,S,3.82
2024/04/23 08:58:00,11.00,3347,5707,158,-0.19,9.80,0.56,3,-41.36,-6.22,20.09,171,S,3.82
2024/04/23 09:28:11,11.00,3426,6111,191,-0.19,9.79,0.55,3,-41.36,-6.66,18.40,178,S,3.83
2024/04/23 09:58:21,11.02,3999,9590,531,-0.26,9.78,0.53,3,-41.32,-7.17,17.86,180,S,3.82
2024/04/23 10:28:31,11.06,3530,6901,268,-0.25,9.79,0.49,3,-41.21,-7.93,12.87,161,S,3.82
2024/04/23 10:58:42,11.14,3849,8724,444,-0.38,9.77,0.64,4,-41.59,-7.48,10.44,167,S,3.82
2024/04/23 11:28:52,11.18,3562,7068,283,-0.30,9.80,0.54,3,-41.36,-7.67,8.48,169,S,3.82
2024/04/23 11:59:03,11.23,3428,6265,209,-0.23,9.82,0.51,3,-41.19,-7.43,7.09,161,S,3.82
2024/04/23 12:29:13,11.27,3738,8199,395,-0.38,9.83,0.49,3,-41.35,-6.31,7.01,171,S,3.82
2024/04/23 12:59:23,11.31,3765,8309,405,-0.33,9.83,0.54,3,-41.82,-7.40,12.18,175,S,3.82
2024/04/23 13:29:34,11.35,3447,6373,218,-0.35,9.78,0.60,4,-41.58,-7.10,10.90,160,S,3.82
2024/04/23 13:59:44,11.33,3576,7130,288,-0.22,9.78,0.49,3,-41.52,-7.48,8.10,168,S,3.82
2024/04/23 14:29:55,11.43,3747,8044,374,-0.30,9.79,0.52,4,-41.58,-7.47,11.18,165,S,3.82
2024/04/23 15:00:05,11.50,3565,6936,268,-0.42,9.82,0.63,5,-41.81,-5.42,19.06,180,S,3.82
2024/04/23 15:30:15,11.42,3685,7669,337,-0.16,9.80,0.52,3,-41.65,-8.18,12.76,163,S,3.82
2024/04/23 16:00:26,11.33,3550,6923,267,-0.19,9.81,0.57,3,-41.61,-7.27,15.02,169,S,3.82
2024/04/23 16:30:36,11.31,3524,6582,231,-0.25,9.80,0.58,3,-41.69,-5.14,20.62,178,S,3.82
2024/04/23 17:00:47,11.31,3393,5960,180,-0.10,9.82,0.55,3,-41.75,-6.24,19.37,165,S,3.82
2024/04/23 17:30:57,11.35,3327,5531,142,-0.17,9.81,0.61,3,-41.66,-3.60,23.12,179,S,3.82
2024/04/23 18:01:07,11.33,3257,5113,109,-0.11,9.79,0.54,2,-41.61,-1.44,25.36,182,S,3.82
2024/04/23 18:31:18,11.27,3189,4709,79,-0.09,9.84,0.52,2,-41.57,-5.00,21.65,175,S,3.82
2024/04/23 19:01:28,11.21,3148,4413,58,-0.12,9.82,0.53,2,-41.42,-1.90,25.04,184,S,3.82
2024/04/23 19:31:39,11.18,3125,4269,49,-0.10,9.82,0.48,2,-41.22,10.23,29.80,210,SW,3.82
2024/04/23 20:01:49,11.25,3122,4244,47,-0.10,9.82,0.46,2,-40.99,22.68,24.06,233,SW,3.82
2024/04/23 20:32:00,11.17,3120,4240,47,-0.06,9.83,0.45,2,-41.29,7.25,29.73,199,S,3.82
2024/04/23 21:02:10,11.07,3119,4239,48,-0.07,9.82,0.45,2,-41.17,-5.30,21.98,175,S,3.82
2024/04/23 21:32:20,10.98,3117,4236,47,-0.08,9.79,0.48,2,-41.02,-8.68,8.20,145,SE,3.82
2024/04/23 22:02:31,11.00,3121,4242,48,-0.06,9.82,0.43,2,-41.13,-8.47,9.21,153,SE,3.82
2024/04/23 22:32:41,10.98,3126,4250,48,-0.10,9.83,0.47,2,-41.22,-8.83,11.99,157,S,3.82
2024/04/23 23:02:52,11.00,3119,4239,48,-0.16,9.83,0.44,2,-41.14,-7.72,6.94,155,SE,3.82
2024/04/23 23:33:02,11.02,3119,4239,47,-0.14,9.82,0.47,2,-41.28,-5.72,2.38,141,SE,3.82
2024/04/24 00:03:12,11.06,3128,4252,48,-0.12,9.82,0.45,2,-41.00,-5.61,2.07,137,SE,3.82
2024/04/24 00:33:23,11.10,3122,4244,48,-0.13,9.81,0.42,2,-41.05,-3.35,-0.29,126,SE,3.82
2024/04/24 01:03:33,11.12,3120,4241,48,-0.14,9.83,0.48,2,-41.17,-6.84,5.03,148,SE,3.82
2024/04/24 01:33:44,11.18,3121,4242,48,-0.12,9.82,0.47,2,-41.03,-6.36,3.97,144,SE,3.82
2024/04/24 02:03:54,11.27,3122,4246,48,-0.08,9.81,0.44,2,-41.05,-6.06,3.35,138,SE,3.82
2024/04/24 02:34:04,11.27,3114,4237,48,-0.04,9.81,0.45,2,-41.14,-6.28,3.04,132,SE,3.82
2024/04/24 03:04:15,11.25,3103,4222,47,-0.12,9.81,0.41,2,-41.10,-4.27,0.54,142,SE,3.81
2024/04/24 03:34:25,11.22,3121,4243,48,-0.10,9.82,0.45,2,-41.11,-6.85,4.73,147,SE,3.82
2024/04/24 04:04:36,11.23,2276,3051,31,-0.07,9.81,0.46,2,-41.29,-7.03,5.32,144,SE,3.82
2024/04/24 04:34:46,11.21,3123,4245,48,-0.08,9.81,0.45,2,-41.48,-8.61,13.19,159,S,3.82
2024/04/24 05:04:57,11.14,3123,4264,49,-0.12,9.83,0.47,2,-41.39,-6.46,19.63,172,S,3.82
2024/04/24 05:35:07,11.16,3125,4323,53,-0.08,9.83,0.47,2,-41.26,-0.07,26.58,187,S,3.82
2024/04/24 06:05:17,11.17,3143,4466,63,-0.06,9.83,0.45,2,-41.58,0.04,27.05,185,S,3.82
2024/04/24 06:35:28,11.14,3152,4565,70,-0.06,9.83,0.44,2,-41.38,2.15,28.24,191,S,3.81
2024/04/24 07:05:38,11.11,3192,4792,86,-0.08,9.82,0.45,2,-41.32,-4.81,22.75,174,S,3.81
2024/04/24 07:35:49,11.06,3232,5044,105,-0.04,9.82,0.43,2,-41.12,14.00,29.27,210,SW,3.81
2024/04/24 08:05:59,11.10,3516,7265,315,-0.10,9.82,0.48,2,-41.27,18.66,27.36,224,SW,3.81
2024/04/24 08:36:09,11.12,3260,5543,153,-0.22,9.82,0.53,3,-41.69,-1.93,24.92,187,S,3.81
2024/04/24 09:06:20,11.08,3678,8025,384,-0.25,9.79,0.56,3,-41.30,-3.55,23.39,192,S,3.82
2024/04/24 09:36:30,11.10,3430,6546,241,-0.16,9.81,0.53,2,-41.83,-2.64,24.40,187,S,3.81
2024/04/24 10:06:41,11.15,3374,6240,214,-0.22,9.82,0.57,3,-41.75,-6.79,17.43,174,S,3.81
2024/04/24 10:36:51,11.16,3561,7114,289,-0.15,9.83,0.56,2,-41.69,-7.49,15.78,169,S,3.81
2024/04/24 11:07:01,11.21,3621,7467,322,-0.27,9.82,0.59,3,-41.76,-7.74,14.14,170,S,3.81
2024/04/24 11:37:12,11.25,3850,8911,468,-0.36,9.82,0.62,4,-41.70,-6.80,13.69,183,S,3.81
2024/04/24 12:07:22,11.29,3758,8372,414,-0.36,9.83,0.60,3,-41.71,-7.83,13.16,179,S,3.81
2024/04/24 12:37:33,11.35,3661,7857,365,-0.34,9.78,0.52,3,-41.23,-6.65,5.63,161,S,3.81
2024/04/24 13:07:43,11.41,3730,8221,399,-0.25,9.83,0.51,3,-41.50,-5.73,4.83,156,SE,3.81
2024/04/24 13:37:53,11.46,3560,7111,288,-0.29,9.78,0.65,4,-41.60,-7.63,11.82,173,S,3.81
2024/04/24 14:08:04,11.52,3512,6869,267,-0.15,9.81,0.46,2,-41.35,-6.19,4.11,150,SE,3.81
2024/04/24 14:38:14,11.54,3676,7864,363,-0.15,9.83,0.46,2,-41.80,-6.27,4.19,150,SE,3.81
2024/04/24 15:08:25,11.68,3752,8160,387,-0.20,9.84,0.45,2,-41.54,-3.26,0.44,138,SE,3.81
2024/04/24 15:38:35,11.69,3589,7265,302,-0.21,9.79,0.52,2,-41.34,-6.59,5.38,156,SE,3.81
2024/04/24 16:08:45,11.57,3548,6951,271,-0.17,9.81,0.57,3,-41.42,-7.78,8.90,165,S,3.81
2024/04/24 16:38:56,11.40,3471,6520,232,-0.13,9.83,0.50,2,-41.49,-7.60,7.52,150,SE,3.81
2024/04/24 17:09:06,11.27,3313,5555,147,-0.11,9.82,0.48,2,-41.20,-8.21,15.74,172,S,3.81
2024/04/24 17:39:17,11.27,3284,5411,135,-0.07,9.82,0.47,2,-41.40,-8.51,10.57,153,SE,3.81
2024/04/24 18:09:27,11.43,3186,4789,86,-0.09,9.81,0.47,2,-41.70,-1.24,26.10,187,S,3.81
2024/04/24 18:39:38,11.40,3065,4427,67,-0.08,9.84,0.45,2,-41.59,-6.06,20.94,172,S,3.81
2024/04/24 19:09:48,11.36,2718,3792,49,-0.07,9.80,0.45,2,-41.40,1.81,28.21,188,S,3.81
2024/04/24 19:39:58,11.33,2980,4077,47,-0.08,9.83,0.47,2,-41.61,8.85,29.67,206,SW,3.81
2024/04/24 20:10:09,11.35,3109,4225,47,-0.15,9.81,0.47,2,-41.45,21.38,25.28,237,SW,3.81
2024/04/24 20:40:19,11.33,3109,4225,47,-0.08,9.82,0.48,2,-41.50,14.52,28.95,209,SW,3.81
2024/04/24 21:10:30,11.23,3143,4278,48,-0.08,9.81,0.46,2,-41.51,3.54,28.96,195,S,3.81
2024/04/24 21:40:40,11.14,3116,4240,48,-0.08,9.80,0.42,2,-41.47,0.18,27.06,190,S,3.81
2024/04/24 22:10:50,11.12,3116,4239,48,-0.09,9.83,0.44,2,-41.32,-2.94,24.65,185,S,3.81
2024/04/24 22:41:01,11.15,3106,4224,47,-0.10,9.81,0.41,2,-41.26,-5.54,21.90,178,S,3.81
2024/04/24 23:11:11,11.16,3062,4170,47,-0.07,9.83,0.44,2,-41.44,-8.44,14.32,168,S,3.81
2024/04/24 23:41:22,11.18,3120,4241,48,-0.10,9.82,0.44,2,-40.88,-5.21,1.36,130,SE,3.81
2024/04/25 00:11:32,11.14,3108,4225,47,-0.08,9.82,0.44,2,-40.94,-0.92,-2.56,96,E,3.81
2024/04/25 00:41:42,11.20,3115,4233,47,-0.08,9.82,0.43,2,-41.01,8.75,-5.75,305,NW,3.81
2024/04/25 01:11:53,11.29,3115,4234,47,-0.05,9.82,0.44,2,-41.08,13.91,-5.19,286,W,3.81
2024/04/25 01:42:03,11.35,3126,4248,48,-0.13,9.79,0.44,2,-40.91,18.87,-3.26,289,W,3.81
2024/04/25 02:12:14,11.40,3121,4243,48,-0.15,9.82,0.46,2,-40.83,13.78,-5.41,298,NW,3.81
2024/04/25 02:42:24,11.37,3130,4254,48,-0.14,9.81,0.45,2,-41.03,12.28,-5.67,300,NW,3.81
2024/04/25 03:12:34,11.37,3122,4243,48,-0.12,9.79,0.47,2,-41.14,4.61,-5.22,303,NW,3.81
2024/04/25 03:42:45,11.33,3116,4235,47,-0.09,9.81,0.48,2,-40.88,2.72,-4.71,310,NW,3.81
2024/04/25 04:12:55,11.27,3116,4235,47,-0.10,9.80,0.50,2,-41.04,0.77,-3.75,164,S,3.81
2024/04/25 04:43:06,11.25,3120,4243,48,-0.12,9.82,0.48,2,-40.95,-0.44,-2.69,141,SE,3.81
2024/04/25 05:13:16,11.25,3115,4263,50,-0.10,9.81,0.45,3,-41.23,-1.55,-2.31,136,SE,3.81
2024/04/25 05:43:27,11.27,3135,4389,58,-0.05,9.83,0.43,2,-41.40,-4.54,23.47,171,S,3.81
2024/04/25 06:13:37,11.31,3204,4789,85,-0.08,9.83,0.46,2,-41.52,-3.22,24.62,178,S,3.81
2024/04/25 06:43:47,11.27,3173,4627,74,-0.11,9.81,0.51,3,-41.47,-6.45,20.79,175,S,3.81
2024/04/25 07:13:58,11.29,3587,7153,289,-0.08,9.81,0.46,2,-41.80,-6.24,20.59,172,S,3.81
2024/04/25 07:44:08,11.27,3515,6648,240,-0.11,9.77,0.55,3,-41.54,-8.61,15.30,166,S,3.81
2024/04/25 08:14:19,11.25,3365,5792,165,-0.11,9.81,0.52,3,-41.37,-6.12,20.51,196,S,3.81
2024/04/25 08:44:29,11.25,3466,6507,231,-0.03,9.85,0.45,2,-41.33,1.42,27.94,186,S,3.81
2024/04/25 09:14:39,11.25,3476,6545,234,-0.20,9.85,0.52,3,-41.53,-8.56,13.27,167,S,3.81
2024/04/25 09:44:50,11.27,3455,6494,231,-0.20,9.79,0.55,3,-41.55,-8.13,14.28,163,S,3.81
2024/04/25 10:15:00,11.31,3526,6970,277,-0.13,9.83,0.43,2,-41.62,-8.55,16.74,167,S,3.81
2024/04/25 10:45:11,11.31,3415,6223,206,-0.04,9.78,0.45,2,-41.49,-8.57,8.77,156,SE,3.81
2024/04/25 11:15:21,11.33,3387,6125,199,-0.13,9.83,0.48,2,-41.51,-8.64,10.27,165,S,3.81
2024/04/25 11:45:31,11.33,3562,7235,303,-0.20,9.84,0.44,3,-41.37,-3.59,0.56,139,SE,3.81
2024/04/25 12:15:42,11.35,3306,5614,154,-0.17,9.85,0.53,3,-41.23,-4.89,1.34,144,SE,3.81
2024/04/25 12:45:52,11.41,3496,6835,265,-0.28,9.78,0.59,3,-41.45,-6.52,4.63,154,SE,3.81
2024/04/25 13:16:03,11.43,3348,5827,171,-0.25,9.83,0.50,3,-41.31,-3.34,0.11,141,SE,3.81
2024/04/25 13:46:13,11.50,3486,6656,245,-0.25,9.81,0.53,3,-41.37,-4.17,0.69,142,SE,3.81
2024/04/25 14:16:24,11.52,3362,5846,171,-0.19,9.81,0.52,3,-41.19,-2.92,-0.84,130,SE,3.81
2024/04/25 14:46:34,11.54,3279,5352,130,-0.16,9.83,0.47,2,-41.14,-2.35,-1.01,138,SE,3.81
2024/04/25 15:16:44,11.54,3389,6028,188,-0.20,9.76,0.59,3,-41.22,-5.85,2.82,138,SE,3.81
2024/04/25 15:46:55,11.54,3379,5879,173,-0.16,9.76,0.50,3,-41.11,-0.88,-2.52,138,SE,3.81
2024/04/25 16:17:05,11.48,3279,5270,122,-0.14,9.81,0.53,3,-41.41,-6.06,3.29,159,S,3.81
2024/04/25 16:47:16,11.43,3223,4941,96,-0.13,9.82,0.45,2,-41.36,-7.02,5.21,141,SE,3.81
2024/04/25 17:17:26,11.38,3253,5170,115,-0.13,9.83,0.47,2,-41.33,-5.17,1.65,144,SE,3.80
2024/04/25 17:47:36,11.31,3222,4897,93,-0.07,9.80,0.44,2,-41.37,-5.95,2.82,139,SE,3.80
2024/04/25 18:17:47,11.35,3162,4528,66,-0.04,9.80,0.45,2,-41.53,-6.40,20.42,171,S,3.80
2024/04/25 18:47:57,11.36,3110,4308,54,-0.07,9.84,0.45,2,-41.64,-5.00,22.87,179,S,3.80
2024/04/25 19:18:08,11.36,3097,4247,50,-0.07,9.84,0.43,2,-41.40,-8.82,13.96,161,S,3.80
2024/04/25 19:48:18,11.29,3110,4234,48,-0.05,9.83,0.45,2,-41.40,-7.67,17.34,179,S,3.81
2024/04/25 20:18:28,11.31,3110,4228,47,-0.12,9.84,0.45,2,-41.26,22.78,24.08,235,SW,3.80
2024/04/25 20:48:39,11.35,3109,4227,47,-0.11,9.80,0.46,2,-41.20,25.23,20.53,218,SW,3.80
2024/04/25 21:18:49,11.25,3100,4215,47,-0.06,9.80,0.43,2,-41.39,15.15,29.25,198,S,3.80
2024/04/25 21:49:00,11.14,3124,4249,48,-0.14,9.77,0.47,2,-41.60,9.90,30.26,211,SW,3.80
2024/04/25 22:19:10,11.16,3229,4395,50,-0.06,9.83,0.42,2,-41.64,0.78,27.80,181,S,3.80
2024/04/25 22:49:20,11.23,3157,4292,48,-0.08,9.75,0.43,2,-41.69,-4.43,23.80,185,S,3.80
